title,link,body
"I Maratona de Desafios da Facom: início em 28/ago (14h)",http://www.portal.facom.ufu.br/acontece/2021/08/i-maratona-de-desafios-da-facom-inicio-em-28ago-14h,"<div class=""field-items""><div class=""field-item even"" property=""content:encoded""><h1>I Maratona de Desafios da FACOM</h1><p> </p><ul><li>14 desafios pontuais com Tutoria</li><li>2 premiados para cada desafio pontual</li><li>Datas dos desafios pontuais (14h): 28/ago, 11/set, 25/set, 09/out, 23/out, 06/nov</li><li>1 desafio final UCM: The Ultimate Challenge Master</li><li>Prêmio master para o melhor classificado</li></ul><p> </p><p>Data do UCM: 07/11/2021</p><p> </p><p><u>Público-alvo</u></p><p> </p><ul><li>Alunos Concluintes do BCC inscritos no ENADE 2021;</li><li>Alunos Concluintes do BSI/MC inscritos no ENADE 2021;</li><li>Alunos Concluintes do BSI/UDI inscritos no ENADE 2021;</li><li>Alunos concluintes externos à  FACOM/UFU inscritos no ENADE 2021*</li></ul><p> </p><p>(*Vagas limitadas, sendo necessário fazer inscrição prévia pelo e-mail <a href=""mailto:maratona.facom@gmail.com"">maratona.facom@gmail.com</a>)</p></div></div>"
"Tese de ex-aluno de doutorado da Facom é selecionada como finalista para o CTD-ES 2021",http://www.portal.facom.ufu.br/acontece/2021/08/tese-de-ex-aluno-de-doutorado-da-facom-e-selecionada-como-finalista-para-o-ctd-es,"<div class=""field-items""><div class=""field-item even"" property=""content:encoded""><p>Rodrigo Fernandes Gomes da Silva, ex-aluno de doutorado da Facom, teve sua tese classificada como uma das três finalistas no Concurso de Teses e Dissertações em Engenharia de Software (CTD-ES), evento vinculado ao Simpósio Brasileiro de Engenharia de Software.</p><p>A tese intitulada CROKAGE: Effective Solution Recommendation for Programming Tasks by Leveraging Crowd foi defendida em 2020 sob a orientação do prof. Marcelo de Almeida Maia.</p><p>A final será no <a href=""http://cbsoft2021.joinville.udesc.br/sbes-ctd.php"" target=""_blank"">Congresso Brasileiro de Software</a> (CBSoft'2021) entre os dias 27 e 30 de setembro. A promoção do CBSoft é da Sociedade Brasileira de Computação.</p><p> </p></div></div>"
"Monitoria BSI Monte Carmelo 2020-2 – Resultado",http://www.portal.facom.ufu.br/acontece/2021/07/monitoria-bsi-monte-carmelo-2020-2-resultado,"<div class=""field-items""><div class=""field-item even"" property=""content:encoded""><p>RESULTADO DO PROCESSO SELETIVO DE MONITORES  <strong>PERÍODO LETIVO 2020-2 ANO 2021</strong>,  DO CURSO DE SISTEMAS DE INFORMAÇÃO, CAMPUS MONTE CARMELO, <strong>EDITAL COBSIMC Nº 4/2021(<a id=""lnkSei3265614"">2902854</a>).</strong></p><p>CLASSIFICAÇÃO DOS CANDIDATOS INSCRITOS SEGUNDO OS CRITÉRIOS DE CADA DISCIPLINA</p></div></div>"
"Comunicado à Comunidade FACOM/UFU - Votação eletrônica",http://www.portal.facom.ufu.br/acontece/2021/04/comunicado-a-comunidade-facomufu-votacao-eletronica,"<div class=""field-items""><div class=""field-item even"" property=""content:encoded""><div style=""margin-top:15px;margin-bottom:15px""><div style=""margin-bottom:15px"">Olá Comunidade <strong>FACOM</strong>, esperamos que todos vocês estejam bem!</div><div style=""margin-bottom:15px"">A <strong>Faculdade de Computação</strong> irá realizar no dia <strong><span style=""color:red"">04 de maio de 2021</span></strong> as eleições para escolha dos representantes docentes, discentes e técnicos administrativos para os Colegiados e Conselho, conforme o <strong><a href=""https://www.sei.ufu.br/sei/modulos/pesquisa/md_pesq_documento_consulta_externa.php?9LibXMqGnN7gSpLFOOgUQFziRouBJ5VnVL5b7-UrE5TLfSmWLRlocjXOAOplrG7B0qkJMqBUwYbKBrlzjQk-vNn3s3Rkv-SQadrshoDRWtCzonrCEVtAADFJ-Uw1Qnqj"" target=""_blank"">EDITAL DIRFACOM Nº 1/2021</a></strong> de convocação.</div><div style=""margin-bottom:15px"">Assim, para que tudo saia conforme o planejado e você possa exercer seu <strong>direito de escolha</strong>, iremos antes realizar uma eleição ""simulada"" no dia <strong><span style=""color:red"">29/04/2021</span></strong> das <strong><span style=""color:red"">08:00h às 23:00h</span></strong>.</div><div style=""margin-bottom:15px"">Caso você não tenha recebido uma notificação sobre a eleição no seu e-mail <strong>.ufu.br</strong>, entre em contato com <span style=""color:red""><a href=""mailto:eduardoacunha@ufu.br"" target=""_blank"">eduardoacunha@ufu.br</a></span> para verificar o problema e possibilitar sua participação.</div><div style=""margin-bottom:15px"">Atenciosamente,</div><div style=""margin-bottom:15px"">Comissão Eleitoral FACOM/2021.</div></div></div></div>"
"Sistemas de Informação da UFU obtém 4 estrelas no Guia da Faculdade",http://www.portal.facom.ufu.br/acontece/2020/10/sistemas-de-informacao-da-ufu-obtem-4-estrelas-no-guia-da-faculdade,"<div class=""field-items""><div class=""field-item even"" property=""content:encoded""><p>É com alegria que a Coordenação do Curso de Sistemas de Informação comunica que o curso obteve quatro estrelas no <b>Guia da Faculdade, </b>uma iniciativa realizada pelo jornal Estado de São Paulo em parceria com a Quero Educação.</p><p>A avaliação segue os mesmos moldes do antigo <b>Guia do Estudante, </b>reformulado em outro projeto após a reestruturação da Editora Abril. Nesse sentido, o ranking avaliou 14.343 mil cursos de graduação, em instituições Públicas e Privadas de todo o Brasil.</p><p>A metodologia aplicada para analisar a qualidade é uma <b>avaliação por pares</b>. Nesse processo, a equipe do <b>Guia</b> atua como um instituto de pesquisa, colhendo a opinião de professores que atuam no Ensino Superior.</p><ul><li>Cada curso é distribuído para a avaliação de seis professores e coordenadores do Ensino Superior brasileiro que se cadastraram para atuar como avaliadores desta pesquisa em trabalho voluntário, sem remuneração. <ul><li>A maior e a menor notas recebidas por curso são descartadas. O resultado numérico do curso em 2020 é a média das notas intermediárias restantes.</li><li>O resultado numérico de 2020 (com peso 2) é somado ao resultado numérico do ano anterior (peso 1) para se extrair o resultado</li></ul></li></ul><ul><li>Os participantes são convidados a dar três notas (de 1 a 5) para cada curso, considerando: <ul><li>A qualidade do projeto pedagógico</li><li>A qualidade do corpo docente</li><li>A qualidade da infraestrutura</li></ul></li></ul><p><b>A Faculdade de Sistemas de Informação e a Coordenação do curso de Sistemas de Informação agradecem aos Docentes, Técnicos, e aos Discentes do Curso pela nossa conquista.</b></p><p>As informações aqui contidas, e as demais avaliações realizadas pela Edição 2020 do Guia da Faculdade estão disponíveis em: <a href=""https://publicacoes.estadao.com.br/guia-da-faculdade/"" rel=""noreferrer noopener"" target=""_blank"">https://publicacoes.estadao.com.br/guia-da-faculdade/</a></p></div></div>"
"Ciência da Computação da UFU obtém avaliação máxima no Guia da Faculdade",http://www.portal.facom.ufu.br/acontece/2020/10/ciencia-da-computacao-da-ufu-obtem-avaliacao-maxima-no-guia-da-faculdade,"<div class=""field-items""><div class=""field-item even"" property=""content:encoded""><p>É com alegria que a Coordenação do Curso de Ciência da Computação informa que o curso obteve cinco estrelas - avaliação máxima - no <b>Guia da Faculdade, </b>uma iniciativa realizada pelo jornal Estado de São Paulo em parceria com a Quero Educação.</p><p>A avaliação segue os mesmos moldes do antigo <b>Guia do Estudante, </b>reformulado em outro projeto após a reestruturação da Editora Abril. Nesse sentido, o ranking avaliou 14.343 mil cursos de graduação, em instituições Públicas e Privadas de todo o Brasil.</p><p>A metodologia aplicada para analisar a qualidade é uma <b>avaliação por pares</b>. Nesse processo, a equipe do <b>Guia</b> atua como um instituto de pesquisa, colhendo a opinião de professores que atuam no Ensino Superior.</p><ul><li>Cada curso é distribuído para a avaliação de seis professores e coordenadores do Ensino Superior brasileiro que se cadastraram para atuar como avaliadores desta pesquisa em trabalho voluntário, sem remuneração. <ul><li>A maior e a menor notas recebidas por curso são descartadas. O resultado numérico do curso em 2020 é a média das notas intermediárias restantes.</li><li>O resultado numérico de 2020 (com peso 2) é somado ao resultado numérico do ano anterior (peso 1) para se extrair o resultado</li></ul></li></ul><ul><li>Os participantes são convidados a dar três notas (de 1 a 5) para cada curso, considerando: <ul><li>A qualidade do projeto pedagógico</li><li>A qualidade do corpo docente</li><li>A qualidade da infraestrutura</li></ul></li></ul><p><b>A Faculdade de Computação e a Coordenação do curso de Ciência da Computação agradecem aos Docentes, Técnicos, e aos Discentes do Curso pela nossa conquista. </b><br/><br/><b>Muito obrigado, e parabéns a todos os envolvidos! </b></p><p>Para mais detalhes sobre a forma de avaliação, sugerimos a leitura do post completo, no <a href=""http://www.portal.facom.ufu.br/acontece/2020/10/curso-de-ciencia-da-computacao-recebe-nota-maxima-no-guia-da-faculdade"" rel=""noreferrer"" target=""_blank"">Portal da Faculdade de Computação</a></p><p>As informações aqui contidas, e as demais avaliações realizadas pela Edição 2020 do Guia da Faculdade estão disponíveis em: <a href=""https://publicacoes.estadao.com.br/guia-da-faculdade/"" rel=""noreferrer"" target=""_blank"">https://publicacoes.estadao.com.br/guia-da-faculdade/</a></p></div></div>"
"Curso de Ciência da Computação recebe nota máxima no Guia da Faculdade",http://www.portal.facom.ufu.br/acontece/2020/10/curso-de-ciencia-da-computacao-recebe-nota-maxima-no-guia-da-faculdade,"<div class=""field-items""><div class=""field-item even"" property=""content:encoded""><p>O Curso de Bacharelado em Ciência da Computação da Universidade Federal de Uberlândia recebeu nota máxima em avaliação realizada pelo Guia da Faculdade, iniciativa desenvolvida pelo jornal Estado de São Paulo, em parceria com a startup Quero Educação.</p><p>Em sua segunda edição, o<b> ranking avaliou 14.343 mil cursos de graduação</b>, de instituições de ensino de todo o Brasil.</p><p>No decorrer deste processo - que ocorre anualmente - os coordenadores de cada curso avaliado recebem um questionário no qual devem apresentar as principais características da sua graduação, descrevendo em detalhes:</p><ul><li>Projeto pedagógico - características da proposta de ensino do curso</li><li>Corpo docente - perfil e produção dos professores vinculados ao curso</li><li>Infraestrutura - condições de materiais e equipamentos oferecidos</li></ul><p>A metodologia aplicada para analisar a qualidade é uma <strong>avaliação por pares</strong>. Nesse processo, a equipe do <strong>Guia</strong> atua como um instituto de pesquisa, colhendo a opinião de professores que atuam no Ensino Superior. Nesse sentido, são mais de 6 mil coordenadores e professores do Ensino Superior brasileiro que se cadastraram para atuar como avaliadores desta pesquisa em trabalho voluntário, sem remuneração.</p><ul><li>Os avaliadores são acionados para dar notas aos cursos das suas áreas de formação e de instituições prioritariamente localizadas na mesma região do país na qual trabalham.</li><li>Os participantes são convidados a dar três notas (de 1 a 5) para cada curso, considerando: <ul><li>A qualidade do projeto pedagógico</li><li>A qualidade do corpo docente</li><li>A qualidade da infraestrutura</li></ul></li><li>Cada curso é distribuído para a avaliação de seis professores <ul><li>A maior e a menor notas recebidas por curso são descartadas. O resultado numérico do curso em 2020 é a média das notas intermediárias restantes.</li><li>O resultado numérico de 2020 (com peso 2) é somado ao resultado numérico do ano anterior (peso 1) para se extrair o resultado numérico fin<img alt="""" src=""/sites/facom.ufu.br/files//imce/capturar.png"" style=""float: right; width: 300px; height: 201px; border-width: 0px; border-style: solid; margin: 20px;""/>al de cada curso.</li></ul></li></ul><p>O resultado numérico <strong>final</strong> é transformado em estrelas de acordo com as seguintes faixas de conversão:</p><ul><li><strong>entre 5 e 4,50 - Excelente</strong></li><li><strong>menor que 4,50 a 3,50 - Muito Bom</strong></li><li><strong>menor que 3,50 a 2,50 - Bom</strong></li><li><strong>menor que 2,50 - não estrelado</strong><ul><li>Um curso só pode ganhar ou perder 1 estrela de um ano para o outro da avaliação. </li></ul></li></ul><p>A Faculdade de Computação e a Coordenação do curso de Ciência da Computação agradecem aos Docentes, Técnicos, e aos Discentes do Curso pela nossa conquista. <br/><br/><strong>Muito obrigado, e parabéns a todos os envolvidos! </strong></p><p>As informações aqui contidas, e as demais avaliações realizadas pela Edição 2020 do Guia da Faculdade estão disponíveis em: <a href=""https://publicacoes.estadao.com.br/guia-da-faculdade/"">https://publicacoes.estadao.com.br/guia-da-faculdade/</a></p><p> </p></div></div>"
"Atividades Acadêmicas desenvolvidas na modalidade remota",http://www.portal.facom.ufu.br/acontece/2020/07/atividades-academicas-desenvolvidas-na-modalidade-remota,"<div class=""field-items""><div class=""field-item even"" property=""content:encoded""><p>Prezados(as) alunos(as) de Ciência da Computação,<br/><br/> A Resolução Atualizada nº 25/2020 do Conselho de Graduação – CONGRAD, encaminha a retomada dos semestres letivos regulares - 2020.1, 2020.2 e 2021.1 - <u>a ocorrerem na forma remota.</u> </p><p>Esta seção tem o objetivo de esclarecer algumas das principais dúvidas relacionadas a este assunto. Vamos a algumas orientações básicas:</p><p style=""text-align: center;""><strong>Das Atividades Acadêmicas Remotas Emergenciais desenvolvidas em Semestre Letivo Regular (2020.1, 2020.2 e 2021.1):</strong><br/>  </p><ul><li>O Conselho de Graduação (CONGRAD) aprovou a Resolução 25/2020. O documento estabelece as normas para <b>regularização do calendário acadêmico, </b>contemplando os <b>períodos letivos regulares 2020.1, 2020.2 e 2021.1.</b><ul><li>Para o período estabelecido pela resolução, temos: <ul><li>O primeiro semestre letivo de 2020 acontecerá entre 01.03.2021 e 19.06.2021</li><li><strong>O segundo semestre letivo de 2020 acontecerá entre 12.07.2021 a 06.11.2021</strong></li><li>O primeiro semestre letivo de 2021 acontecerá entre 29.11.2021 a 02.04.2022 <br/>  </li></ul></li></ul></li></ul><p style=""text-align: center;""><strong>Atenção para algumas datas importantes, referentes ao segundo semestre de 2020 (em 2021):</strong><br/>  </p><ul><li><strong>Matrícula online: 28 e 29/06/2021</strong></li><li><strong><u>Ajuste</u> de Matrícula</strong> online: 02 e 03/07/2021</li><li><strong>Solicitação de Matrícula em Disciplinas de outro curso</strong>: 02 e 03/07/2021</li><li><strong>Início do 2º semestre levo de 2020:</strong> 12/07/2021<br/>  </li></ul><p style=""text-align: center;""><strong>Da Matrícula em Disciplinas de Outros Cursos</strong></p><p>Os alunos poderão solicitar - e se matricular - em disciplinas de outros cursos ofertadas na modalidade remota, da mesma forma em que acontece na forma presencial.</p><ul><li><strong>Atenção: </strong>No momento da solicitação o discente deverá <strong>assegurar-se  que - de fato, os componentes desejados são equivalentes.</strong> Caso não haja equivalência ou disposição horária para cursar a disciplina, a solicitação será <em>indeferida pela Coordenação.</em><ul><li>Em caso de dúvidas quanto à equivalência, uma mensagem deverá ser encaminhada <strong>previamente à solicitação de matrícula</strong> para o endereço: <a href=""mailto:cocom@ufu.br"">cocom@ufu.br</a> </li></ul></li></ul><p style=""text-align: center;""><strong>Dos Planos de Ensino</strong></p><p>De acordo com o exposto na Resolução 25/2020, ""(...) uma versão preliminar do Plano de Ensino deve ser disponibilizada na página web do Curso, até a data de início da matrícula dos discentes, de modo que  eles tenham a possibilidade de analisar as condições em que a disciplina será oferecida e se conseguem cursá-la com as condições oferecidas pela Instituição.""</p><p>Os Planos de Ensino referentes às disciplinas ofertadas em formato AARE pelo curso de Ciência da Computação <a href=""/graduacao/ciencia-da-computacao-campus-santa-monica/planos-de-ensino"">estão disponíveis aqui</a>.</p><p style=""text-align: center;""><strong>Das Formas de Avaliação e do Aproveitamento</strong></p><ul><li>Para os períodos regulares <strong>2020.1; 2020.2 e 2021.1</strong> também <strong>não existirá</strong> o conceito <em>reprovação em disciplinas, <u>seja por frequência ou notas.</u></em><br/>  </li><li>Nesse sentido, caso o discente não alcance aproveitamento e/ou assiduidade suficientes para a aprovação em determinada disciplina, em seu Histórico Escolar deverá constar a expressão<strong> “Sem aproveitamento""</strong> no campo referente ao resultado final obtido nesta respectiva disciplina. Desta forma, um possível insucesso não gera qualquer reprovação ou impacto no Coeficiente de Rendimento Acadêmico (CRA). <strong>Atenção: </strong>ainda que ao final do semestre conste a informação ""Reprovado"", não se preocupem: o status será atualizado para ""sem aproveitamento"" posteriormente, pela Divisão de Controle Acadêmico (DIRAC). <ul><li>Considerando que o não aproveitamento não gera quaisquer penalidades aos discentes, não está prevista pela resolução a possibilidade de trancamento parcial. Basta comunicar ao docente responsável e deixar de frequentar a disciplina.<br/>  </li><li>Ainda, conforme estabelece o artigo Art. 12 da resolução 25/2020, os discentes terão direito a um <strong>Trancamento Geral de Matrícula</strong> durante o Calendário proposto nesta Resolução, sem que essa solicitação conte em desabono ao previsto no art. 131 das Normas Gerais da Graduação. Isso significa que os alunos tem direito a um trancamento geral a mais, somado aos dois outros já definidos pela norma, contribuindo com a extensão do prazo máximo para integralização curricular.<br/>  </li><li>Por fim, a resolução se encerra estabelecendo ainda que a não realização da matrícula pelo discente, durante o período de oferta remota, não será caracterizada como trancamento geral automático.</li></ul></li></ul><p>Quaisquer dúvidas ou esclarecimentos referentes à Resolução 25/2020 ou demais questões pertinentes ao semestre letivo devem ser direcionadas à Coordenação do curso: <a href=""mailto:cocom@ufu.br"">cocom@ufu.br</a></p><hr/><p style=""text-align: center;""><strong>Do Acesso e Das Plataformas Utilizadas para as AARE</strong></p><ul><li>O acesso às ferramentas disponibilizadas pela Universidade Federal de Uberlândia ao seus alunos possui viés institucional e por isso - para o cadastro em quaisquer das opções disponibilizadas diretamente pela Universidade, é necessário <strong>e-mail institucional.</strong>  <ul><li>Caso o(a) discente não possua endereço eletrônico institucional próprio, poderá criar o seu <a href=""https://www.idufu.ufu.br/login"">aqui</a>.</li><li>Caso haja dificuldades na criação do e-mail institucional, <a href=""https://www.wiki.ufu.br/index.php/Procedimentos_para_a_cria%C3%A7%C3%A3o_de_E-mail_@ufu.br_institucional_para_discentes"">há um tutorial</a> disponibilizado pelo CTIC - UFU para tal.<br/>  </li></ul></li><li>Até o momento, grande parte dos docentes vinculados ao curso de Ciência da Computação utilizará - pelo menos - uma destas duas plataformas para apoio e auxílio discente durante as atividades acadêmicas remotas emergenciais: </li></ul><p> </p><p><img alt="""" src=""http://www.cead.ufu.br/sites/cead.ufu.br/files/moodle.png"" style=""width: 300px; float: left; margin: 5px; height: 51px;""/></p><ul><li><b>Moodle: </b><a href=""https://www.moodle.ufu.br/login/index.php"">https://www.moodle.ufu.br/login/index.php</a></li></ul><p>Para aqueles discentes que não possuem acesso ou familiaridade com o Moodle, seguem alguns tutoriais elaborados pelo que podem auxiliar no processo de adaptação:</p><p>Inicialmente, o Centro de Educação à Distância (CEaD - UFU) elaborou um <a href=""https://www.ead.ufu.br/mod/book/view.php?id=81387"">Manual Completo</a> - direcionado aos estudantes - para utilização da ferramenta.</p><p>Para além, estão disponíves também tutoriais em vídeo, formulados e gentilmente compartilhados pela Faculdade de Gestão e Negócios (FAGEN) :</p><ul><li><a href=""https://youtu.be/l5K4qP19sVY?t=15"" rel=""noopener noreferrer"" target=""_blank"">Tutorial Painel de Cursos no Moodle</a></li><li><a href=""https://youtu.be/myvFEeK6CFU?t=15"" rel=""noopener noreferrer"" target=""_blank"">Tutorial Perfil de Usuario no Curso</a></li><li><a href=""https://youtu.be/0U_ASFXormA?t=15"" rel=""noopener noreferrer"" target=""_blank"">Tutorial para Mudança de Perfil no Curso</a></li><li><a href=""https://youtu.be/5EoopnXGLNI?t=14"" rel=""noopener noreferrer"" target=""_blank"">Tutorial para Notas do Curso</a></li><li><a href=""https://youtu.be/69lhJrNTbmk?t=14"" rel=""noopener noreferrer"" target=""_blank"">Tutorial Preferencias de Usuário no Curso</a></li><li><a href=""https://youtu.be/kK78LBBHN4k?t=14"" rel=""noopener noreferrer"" target=""_blank"">Tutorial para Critérios de Conclusão no Curso</a></li><li><a href=""https://youtu.be/YG_IkLFln4M?t=14"" rel=""noopener noreferrer"" target=""_blank"">Tutorial para Sistema de Mensagens</a></li></ul><p>Se você acessa a Internet, na maior parte do tempo, com o seu celular, use o aplicativo <strong>Moodle Mobile</strong>:</p><p><a href=""https://youtu.be/UuTAifocKIY"" rel=""noopener noreferrer"" target=""_blank""><img alt=""Imagem - Aplicativo Moodle Mobile"" src=""http://www.fagen.ufu.br/sites/fagen.ufu.br/files/app-poster.png"" style=""height: 85px; width: 100px;""/></a></p><ul><li><a href=""https://youtu.be/UuTAifocKIY"" rel=""noopener noreferrer"" target=""_blank"">Tutorial de instalação e uso do Aplicativo Moodle Mobile UFU</a></li></ul><hr/><ul><li><strong>Microsoft Office Teams: <img alt="""" src=""https://upload.wikimedia.org/wikipedia/commons/c/c9/Microsoft_Office_Teams_%282018%E2%80%93present%29.svg"" style=""float: right; width: 161px; height: 150px; margin: 10px;""/></strong><br/>   <ul><li>O uso do Microsoft Teams como ferramenta de Ensino Remoto, é fruto de uma parceria entre a Universidade Federal de Uberlândia e a Microsoft. Neste sentido, estão disponíveis algumas ferramentas do Pacote Office para utilização online, e uma delas é o <strong>Teams. </strong>Esclarecemos - no entanto - que para obter acesso ao Teams é necessario, primeiro, realizar o cadastro no <strong>Office Education 365.</strong><br/>  </li></ul></li><li>Portanto, em etapas, seguem algumas orientações que podem auxiliar no cadastro e na adaptação à estas plataformas:  <ul><li><a href=""https://www.wiki.ufu.br/index.php/Acesso_ao_Office_Education_365:_Estudante_e_Professor"">Tutorial de Acesso ao Office 365 - Education</a> - formulado pelo CTIC\UFU</li><li><a href=""https://www.ead.ufu.br/mod/book/view.php?id=82948"">Tutorial de Acesso e ambientação ao Microsoft Teams </a>- formulado pelo CEaD\UFU</li></ul></li></ul><p> </p><p> </p></div></div>"
"Defesa pública de Memorial",http://www.portal.facom.ufu.br/acontece/2020/06/defesa-publica-de-memorial,"<div class=""field-items""><div class=""field-item even"" property=""content:encoded""><div style=""margin-bottom:10px;""><h4>Defesa pública de Memorial Descritivo da Profa. Dra. Gina Maira Barbosa de Oliveira para promoção na Carreira do Magistério Superior</h4></div><div style=""margin-bottom:10px;""><p>A Faculdade de Computação da Universidade Federal de Uberlândia publica a constituição da Comissão Especial para a defesa pública de Memorial Descritivo para promoção na Carreira do Magistério Superior para a classe de Professor Titular.</p></div><div style=""margin-bottom:10px;""><ul><li style=""margin-bottom:10px;""><strong>Data:</strong> 07 de julho de 2020</li><li style=""margin-bottom:10px;""><strong>Horário:</strong> 09 horas</li><li style=""margin-bottom:10px;""><strong>Professora:</strong> Dra. Gina Maira Barbosa de Oliveira</li><li style=""margin-bottom:10px;""><strong>Endereço Web:</strong> <a href=""https://youtu.be/FAX4hqBy1_c"">https://youtu.be/FAX4hqBy1_c</a></li></ul></div><div style=""margin-bottom:10px;""><p>Para mais informações, contate:</p><p><strong>E-mail:</strong><a href=""mailto:secretaria.facom@ufu.br"">secretaria.facom@ufu.br</a></p><p><strong>Telefone:</strong> (34) 3239-4144</p></div></div></div>"
"Aluno da FACOM cria portal com informações sobre COVID-19",http://www.portal.facom.ufu.br/acontece/2020/04/aluno-da-facom-cria-portal-com-informacoes-sobre-covid-19,"<div class=""field-items""><div class=""field-item even"" property=""content:encoded""><p style=""margin-bottom:.0001pt; text-align:justify; margin:0cm 0cm 8pt""> </p><p style=""margin-bottom:.0001pt; text-align:justify; margin:0cm 0cm 8pt""><strong><span style=""font-size:11pt""><span style=""background:white""><span style=""line-height:normal""><span style=""font-family:Calibri,sans-serif""><span style=""font-size:12.0pt""><span style=""font-family:&quot;Arial&quot;,sans-serif""><span style=""color:#333333"">Aluno da FACOM cria portal com informações sobre COVID-19</span></span></span></span></span></span></span></strong></p><p style=""margin-bottom:.0001pt; text-align:justify; margin:0cm 0cm 8pt"">Durante o período de quarentena, o discente Fabrício Ziliotti, do curso de <a href=""http://www.portal.facom.ufu.br/graduacao/ciencia-da-computacao"" target=""_blank"">Bacharelado em Ciência da Computação</a> (BCC), vinculado à <a href=""http://www.portal.facom.ufu.br/"" target=""_blank"">Faculdade de Computação</a> (FACOM) da Universidade Federal de Uberlândia (UFU), criou um da Universidade Federal de Uberlândia (UFU), criou<span style=""font-size:11pt""><span style=""background:white""><span style=""line-height:normal""><span style=""font-family:Calibri,sans-serif""><span style=""font-size:12.0pt""><span style=""font-family:&quot;Arial&quot;,sans-serif""><span style=""color:#333333""> um portal que compila automaticamente informações atualizadas, estatísticas, notícias, orientações e FAQs sobre a pandemia de COVID-19. O objetivo do site é conscientizar e informar as pessoas através de um conteúdo relevante, atualizado, verificado e de fácil acesso.<br/><br/> Tecnicamente, é um mashup Web que utiliza diversas tecnologias (algumas delas estudadas por Ziliotti durante projeto de iniciação científica </span></span></span></span></span></span></span>que realizou no âmbito do <a href=""http://www.portal.facom.ufu.br/pet"" target=""_blank"">Programa de Educação Tutorial</a> (PET)  da Computação<span style=""font-size:11pt""><span style=""background:white""><span style=""line-height:normal""><span style=""font-family:Calibri,sans-serif""><span style=""font-size:12.0pt""><span style=""font-family:&quot;Arial&quot;,sans-serif""><span style=""color:#333333"">, como Progressive Web Apps e Web Services) para coletar e exibir informações extraídas em tempo real de fontes governamentais/institucionais (como o Johns Hopkins CSSE, a OMS, entre outros) e de grandes portais de imprensa nacionais.<br/><br/> A grande maioria das tecnologias utilizadas no projeto são de projetos disponíveis no github e para a construção da interface foi utilizado o Gatsby, framework gratuito e de código aberto baseado na biblioteca React (Javascript).<br/><br/> Confiram em: <a href=""https://covidinfo.com.br/"" target=""_blank""><span style=""color:#0186ba"">https://covidinfo.com.br/</span></a>.</span></span></span></span></span></span></span></p><p style=""margin:0cm 0cm 8pt""> </p></div></div>"
"Página oficial no Facebook do BSI Monte Carmelo",http://www.portal.facom.ufu.br/acontece/2020/03/pagina-oficial-no-facebook-do-bsi-monte-carmelo,"<div class=""field-items""><div class=""field-item even"" property=""content:encoded""><p>A página @facombsimc, no Facebook, disponibiliza mais informações sobre os recursos físicos do Curso de Bacharelado em Sistemas de Informação (BSI) de Monte Carmelo.</p></div></div>"
"Labs da Facom em Monte Carmelo agora rodam Windows 10 e Ubuntu",http://www.portal.facom.ufu.br/acontece/2020/03/labs-da-facom-em-monte-carmelo-agora-rodam-windows-10-e-ubuntu,"<div class=""field-items""><div class=""field-item even"" property=""content:encoded""><p>A partir do primeiro semestre de 2020, os laboratórios 1BMC-202 e 1BMC-204, localizados no campus Araras, em Monte Carmelo, passam a disponibilizar novos computadores para os alunos do curso de Bacharelado em Sistemas de Informação.</p><p>Além disso, as máquinas podem ser utilizadas na modalidade <em>dual boot</em>, ou seja, o aluno pode escolher se vai carregar o sistema operacional Windows 10 ou a distribuição Ubuntu Linux 18.</p></div></div>"
"Facom e Huawei participam de testes com 5G promovido pela Algar Telecom",http://www.portal.facom.ufu.br/acontece/2019/10/facom-e-huawei-participam-de-testes-com-5g-promovido-pela-algar-telecom,"<div class=""field-items""><div class=""field-item even"" property=""content:encoded""><p>A Faculdade de Computação (FACOM) da Universidade Federal de Uberlândia (UFU) participou dos primeiros testes com o 5G em laboratório com a cooperação da multinacional Huawei. A iniciativa é da companhia Algar Telecom que já disponibiliza o serviço em caráter experimental.</p><p>Leia <a href=""https://tiinside.com.br/tiinside/10/10/2019/algar-telecom-inicia-testes-comerciais-de-rede-5g-em-mg/"" target=""_blank"">aqui</a> a matéria na íntegra.</p><p> </p></div></div>"
"Facom inaugura laboratório de Experimentação em Monte Carmelo",http://www.portal.facom.ufu.br/acontece/2019/10/facom-inaugura-laboratorio-de-experimentacao-em-monte-carmelo,"<div class=""field-items""><div class=""field-item even"" property=""content:encoded""><p>O laboratório de Experimentação, localizado na sala 1BMC207, foi inaugurado no campos Araras para atender as demandas do curso de Sistemas de Informação em Monte Carmelo.</p><p>O espaço conta com recursos como:</p><ul><li>Smart TV Samsung,</li><li>Laptops DELL,</li><li>Tablets e celulares Samsung,</li><li>Ipads Apple,</li><li>Óculos para realidade virtual,</li><li>Consoles para jogos como Play Station 4 e XBox 360.</li></ul></div></div>"
"Pesquisa da UFU é destaque no Stack Overflow",http://www.portal.facom.ufu.br/acontece/2019/08/pesquisa-da-ufu-e-destaque-no-stack-overflow,"<div class=""field-items""><div class=""field-item even"" property=""content:encoded""><p>O Stack Overflow (stackoverflow.com) é considerado o maior site de perguntas e respostas do mundo para desenvolvedores de software. A cada mês 50 milhões de pessoas visitam o Stack Overflow para aprender e compartilhar conhecimento técnico de programação de computadores. Um aspecto interessante é que todo este conhecimento (perguntas e respectivas respostas) fica disponível para os usuários. Assim, ao invés de lançar uma nova pergunta, um programador precisa verificar se alguém já não a fez e se a resposta foi satisfatória.</p><p>É neste ponto que entra a pesquisa desenvolvida na FACOM pelo prof. Marcelo Maia e o aluno de doutorado (e servidor da UFU) Rodrigo Fernandes Silva, em conjunto com pesquisadores da Universidade de Saskatchewan no Canadá.</p><p>Os mecanismos de busca atuais, sejam o próprio Google ou Bing, ou mesmo a busca interna do site, trazem muitas vezes respostas sem explicação ou respostas sem exemplos práticos. A pesquisa desenvolveu um mecanismo para encontrar e filtrar apenas respostas diretas, com exemplo e boas explicações.</p><p>O artigo que foi publicado este ano em uma conferência em Montreal, no Canadá, chamou a atenção do próprio Stack Overflow que resolveu dar destaque à nossa pesquisa em seu blog. <a href=""http://stackoverflow.blog/2019/08/14/crokage-a-new-way-to-search-stack-overflow/)"" target=""_blank"">Clique aqui</a> para ler a matéria completa.</p><p>Isto é um feito importante, pois demonstra a relevância prática dos nossos estudos. Eles inclusive estão em contato, uma vez que têm interesse em incorporar nossos resultados em suas buscas internas.</p><p>Além disso a noticia foi destaque na mídia técnica especializada ao redor do mundo:</p><ul><li><a href=""https://www.techrepublic.com/article/developers-use-this-new-tool-to-solve-programming-problems-on-stack-overflow/"" target=""_blank"">https://www.techrepublic.com/article/developers-use-this-new-tool-to-solve-programming-problems-on-stack-overflow/</a></li><li><a href=""https://sdtimes.com/softwaredev/stack-overflows-crokage-helps-developers-find-answers/"" target=""_blank"">https://sdtimes.com/softwaredev/stack-overflows-crokage-helps-developers-find-answers/</a></li><li><a href=""https://meterpreter.org/stack-overflow-introduces-crokage-search-stack-overflow-tool/"" target=""_blank"">https://meterpreter.org/stack-overflow-introduces-crokage-search-stack-overflow-tool/</a></li><li><a href=""https://fossbytes.com/stack-overflow-introduces-crokage-find-coding-solutions/"" target=""_blank"">https://fossbytes.com/stack-overflow-introduces-crokage-find-coding-solutions/</a></li><li><a href=""https://www.golem.de/news/crokage-quelltexthilfe-nutzt-millionen-antworten-von-stack- overflow-1908-143287.html"" target=""_blank"">https://www.golem.de/news/crokage-quelltexthilfe-nutzt-millionen-antworten-von-stack- overflow-1908-143287.html</a></li><li><a href=""https://www.oschina.net/news/109205/crokage-a-new-way-to-search-stack-overflow"" target=""_blank"">https://www.oschina.net/news/109205/crokage-a-new-way-to-search-stack-overflow</a></li><li><a href=""https://developers.slashdot.org/story/19/08/18/2342228/stack-overflow-touts-new-programming- solutions-tool-that-mines-crowd-knowledge"" target=""_blank"">https://developers.slashdot.org/story/19/08/18/2342228/stack-overflow-touts-new-programming- solutions-tool-that-mines-crowd-knowledge </a></li><li><a href=""https://www.no1geekfun.com/crokage-source-text-help-uses-millions-of-responses-from-stack- overflow/"" target=""_blank"">https://www.no1geekfun.com/crokage-source-text-help-uses-millions-of-responses-from-stack- overflow/</a></li><li><a href=""https://cloud.tencent.com/developer/news/419787"" target=""_blank"">https://cloud.tencent.com/developer/news/419787</a></li><li><a href=""http://news.51cto.com/art/201908/601534.htm"" target=""_blank"">http://news.51cto.com/art/201908/601534.htm</a></li><li><a href=""https://nulldata.substack.com/p/nlp-fb-stitchfix-stackoverflow"" target=""_blank"">https://nulldata.substack.com/p/nlp-fb-stitchfix-stackoverflow</a></li><li><a href=""https://kopas.id/stack-overflow-perkenalkan-cara-baru-temukan-solusi-koding/"" target=""_blank"">https://kopas.id/stack-overflow-perkenalkan-cara-baru-temukan-solusi-koding/ </a></li><li><a href=""https://technologik.fr/stack-overflow-presente-un-nouvel-outil-de-solutions-de-programmation-qui-permet-dexploiter-au-mieux-les-foules/"" target=""_blank"">https://technologik.fr/stack-overflow-presente-un-nouvel-outil-de-solutions-de-programmation- qui-permet-dexploiter-au-mieux-les-foules-2/</a></li><li><a href=""https://www.i-programmer.info/news/105-artificial-intelligence/13026-crokage-ai-gets-stack-overflow-answers-for-you.html"" target=""_blank"">https://www.i-programmer.info/news/105-artificial-intelligence/13026-crokage-ai-gets-stack-overflow-answers-for-you.html</a></li><li><a href=""https://technews.acm.org/archives.cfm?fo=2019-08-aug/aug-21-2019.html#1074970"" target=""_blank"">https://technews.acm.org/archives.cfm?fo=2019-08-aug/aug-21-2019.html#1074970 </a></li></ul><p> </p><p>O serviço de buscas de soluções para tarefas do tipo “como-programar-algo” para a linguagem Java está experimentalmente disponível em <a href=""http://www.isel.ufu.br:9000/"" rel=""noreferrer"" target=""_blank"">http://www.isel.ufu.br:9000</a></p></div></div>"
"Defesa pública de Memorial",http://www.portal.facom.ufu.br/acontece/2018/12/defesa-publica-de-memorial-0,"<div class=""field-items""><div class=""field-item even"" property=""content:encoded""><div style=""margin-bottom:10px;""><h4>Defesa pública de Memorial Descritivo da Profa. Dra. Márcia Aparecida Fernandes para promoção na Carreira do Magistério Superior</h4></div><div style=""margin-bottom:10px;""><p>A Faculdade de Computação da Universidade Federal de Uberlândia convida V. Sa. para a defesa pública de Memorial Descritivo para promoção na Carreira do Magistério Superior para a classe de Professor Titular.</p></div><div style=""margin-bottom:10px;""><ul><li style=""margin-bottom:10px;""><strong>Data:</strong> 10/04/2017</li><li style=""margin-bottom:10px;""><strong>Horário:</strong> 10h às 12h</li><li style=""margin-bottom:10px;""><strong>Local:</strong> Campus Santa Mônica, Bloco 1B, Sala 1B126</li><li style=""margin-bottom:10px;""><strong>Professora:</strong> Dra. Márcia Aparecida Fernandes</li></ul></div><div style=""margin-bottom:10px;""><p>Para mais informações, contate:</p><p><strong>E-mail:</strong><a href=""mailto:secretaria.facom@ufu.br"">secretaria.facom@ufu.br</a></p><p><strong>Telefone:</strong> (34) 3239-4144</p></div></div></div>"
"Defesa pública de Memoriais Descritivos",http://www.portal.facom.ufu.br/acontece/2018/12/defesa-publica-de-memoriais-descritivos,"<div class=""field-items""><div class=""field-item even"" property=""content:encoded""><div style=""margin-bottom:10px;""><h4>Defesa pública dos Memoriais Descritivos dos professores Dr. Autran Macêdo, Dr. Ilmério Reis da Silva e Dr. Jamil Salem Barbar para promoção na Carreira do Magistério Superior</h4></div><div style=""margin-bottom:10px;""><p>A Faculdade de Computação da Universidade Federal de Uberlândia convida V. Sa. para a defesa pública dos Memoriais Descritivos dos professores Dr. Autran Macêdo, Dr. Ilmério Reis da Silva e Dr. Jamil Salem Barbar para promoção na Carreira do Magistério Superior para a Classe de Professor Titular.</p></div><div style=""margin-bottom:10px;""><ul><li style=""margin-bottom:10px;""><strong>Data:</strong> 23/02/2017</li><li style=""margin-bottom:10px;""><strong>Horário:</strong> 08h às 12h</li><li style=""margin-bottom:10px;""><strong>Local:</strong><em>campus</em> Santa Mônica, Bloco 1B, Sala 1B132</li></ul></div><div style=""margin-bottom:10px;""><p>Para mais informações, contate:</p><p><strong>E-mail:</strong><a href=""mailto:secretaria.facom@ufu.br"">secretaria.facom@ufu.br</a></p><p><strong>Telefone:</strong> (34) 3239-4144</p></div></div></div>"
"Defesa pública de Memorial",http://www.portal.facom.ufu.br/acontece/2018/12/defesa-publica-de-memorial,"<div class=""field-items""><div class=""field-item even"" property=""content:encoded""><div style=""margin-bottom:10px;""><h4>Defesa pública de Memorial Descritivo do Prof. Dr. Marcelo de Almeida Maia para promoção na Carreira do Magistério Superior</h4></div><div style=""margin-bottom:10px;""><p>A Faculdade de Computação da Universidade Federal de Uberlândia convida V. Sa. para a defesa pública de Memorial Descritivo para promoção na Carreira do Magistério Superior para a classe de Professor Titular.</p></div><div style=""margin-bottom:10px;""><ul><li style=""margin-bottom:10px;"">Data: 19/12/2016</li><li style=""margin-bottom:10px;"">Horário: 14h às 16h30</li><li style=""margin-bottom:10px;"">Local: Campus Santa Mônica, Bloco 1B, Sala 1B132</li><li style=""margin-bottom:10px;"">Professor: Dr. Marcelo de Almeida Maia</li></ul></div><div style=""margin-bottom:10px;""><p>Para mais informações, contate:</p><p>E-mail: <a href=""mailto:secretaria.facom@ufu.br"">secretaria.facom@ufu.br</a></p><p>Telefone: (34) 3239-4144</p></div></div></div>"
"UFU e Programa de Bolsas de Pesquisa do Google",http://www.portal.facom.ufu.br/acontece/2018/12/ufu-e-programa-de-bolsas-de-pesquisa-do-google,"<div class=""field-items""><div class=""field-item even"" property=""content:encoded""><div style=""margin-bottom:10px;""><h4>UFU é destaque entre os premiados do Programa de Bolsas de Pesquisa do Google</h4><p>Nesta quarta-feira (03/08/2016), o Google anunciou os vencedores da terceira edição do Programa de Bolsas de Pesquisa Google para a América Latina. A divulgação aconteceu no Centro de Engenharia da empresa, em Belo Horizonte. Dos 24 projetos premiados, 17 são brasileiros; entre eles, um é da Universidade Federal de Uberlândia (UFU).</p></div><div style=""margin-bottom:10px;""><p>O trabalho do estudante Adriano Mendonça Rocha busca aproveitar o conteúdo de sites de perguntas e respostas para produzir automaticamente um tutorial para os desenvolvedores de software. Segundo o orientador da tese e docente da Faculdade de Computação da UFU, Marcelo de Almeida Maia, os tutoriais conseguem resumir de forma objetiva a avalanche de informação quem existem em sites de perguntas e resposta e conseguem inclusive ter diferenciais em relação à documentação tradicional das tecnologias de desenvolvimento de software por possuir uma maior variedade de exemplos didáticos.</p></div><div style=""margin-bottom:10px;""><p>Durante um ano, os professores e estudantes de pós-graduação selecionados receberão bolsas de estudo mensais para conduzir as pesquisas em áreas relacionadas à Ciência da Computação. Para o professor, além do suporte financeiro, a premiação também traz outras vantagens. ""A divulgação e a visibilidade são importantes. Se uma empresa como Google aposta no projeto, isso funciona como um selo de qualidade na pesquisa, além de poder atrair novas fontes de recurso"", destaca.</p></div><div style=""margin-bottom:10px;""><p>Essa edição recebeu 473 inscrições de 13 países diferentes, sendo um recorde do programa. Além do Brasil, Chile e México tiveram dois vencedores cada; Argentina, Colômbia e Peru foram premiados com um projeto. ""Os projetos ganhadores se destacam em termos de impacto, originalidade e qualidade, e estão dentro das áreas-chave de interesse do Google"", disse o diretor de engenharia da empresa no Brasil, Berthier Ribeiro-Neto, que coordenou a seleção dos projetos.</p></div><div><p>Para mais informações, contate:</p><p><strong>E-mail:</strong><a href=""mailto:secretaria.facom@ufu.br"">secretaria.facom@ufu.br</a></p><p><strong>Telefone:</strong> (34) 3239-4144</p></div></div></div>"
"Processo Seletivo para remoção de docente",http://www.portal.facom.ufu.br/acontece/2018/12/processo-seletivo-para-remocao-de-docente,"<div class=""field-items""><div class=""field-item even"" property=""content:encoded""><div style=""margin-bottom:15px;""><p>O Diretor da Faculdade de Computação (FACOM) no uso de suas atribuições e, CONSIDERANDO a deliberação do Conselho da FACOM (CONFACOM) de abrir processo de remoção de um docente da FACOM lotado em Monte Carmelo para a FACOM em Uberlândia a fim de suprir as necessidades e demandas acadêmicas da referida Unidade; CONSIDERANDO o que prevê a Lei nº 8.112/1990 em seu Artigo 37, atualizada pela Lei nº 9.527/1997; CONSIDERANDO os princípios de legalidade, impessoalidade, moralidade, publicidade e eficiência que regem a administração pública; e CONSIDERANDO a definição dos procedimentos e critérios para a apreciação de pedidos de remoção interna, estabelecidos na Resolução FACOM 01/2016, aprovada a 7ª reunião extraordinária do Conselho da FACOM, realizada em 16 de junho de 2016, torna público o Processo Seletivo para apreciação de pedidos de remoção de docentes da Faculdade de Computação (FACOM) lotados em Monte Carmelo, mediante as normas contidas no edital em anexo.</p></div><div style=""margin-bottom:15px;""><p><strong>Documentos:</strong></p><p><span class=""file""><img alt="""" class=""file-icon"" src=""/modules/file/icons/application-pdf.png"" title=""application/pdf""/><a href=""/system/files/conteudo/edital_002_2016-remocao-docente-facom.pdf"" target=""_blank"">Edital</a></span></p><p><span class=""file""><img alt="""" class=""file-icon"" src=""/modules/file/icons/application-pdf.png"" title=""application/pdf""/><a href=""/system/files/conteudo/documentos.zip"">Modelo de Requerimento, Planilha e Resolução FACOM 01/2016</a></span></p><p><span class=""file""><img alt="""" class=""file-icon"" src=""/modules/file/icons/application-pdf.png"" title=""application/pdf""/><a href=""/system/files/conteudo/resultado-final-edital-remocao-facom-002-2016.pdf"" target=""_blank"">Resultado Edital FACOM nº 02/2016</a></span></p></div><div style=""margin-bottom:15px;""><p>Para mais informações, contate:</p><ul><li style=""margin-bottom:10px;""><strong>E-mail:</strong><a href=""mailto:secretaria.facom@ufu.br"">secretaria.facom@ufu.br</a></li><li style=""margin-bottom:10px;""><strong>Telefone:</strong> (34) 3239-4144</li></ul></div></div></div>"
"POSCOMP 2016 - Inscrições abertas (até 04/07/2017)",http://www.portal.facom.ufu.br/acontece/2018/12/poscomp-2016-inscricoes-abertas-ate-04072017,"<div class=""field-items""><div class=""field-item even"" property=""content:encoded""><div style=""margin-bottom:15px;""><p>O <strong>POSCOMP</strong> é um exame sobre conhecimentos na área de Computação usado para ingresso em cursos de Pós-Graduação.</p></div><div style=""margin-bottom:15px;""><p>O curso de mestrado em Ciência da Computação da Universidade Federal de Uberlândia (UFU) usa o POSCOMP no processo de seleção para ingresso no programa.</p></div><div style=""margin-bottom:15px;""><p>O POSCOMP ocorrerá em <strong>25 de setembro de 2016</strong> e poderá ser feita em Uberlândia.</p></div><div style=""margin-bottom:15px;""><p>Inscrições serão aceitas até 04 de julho de 2016 pelo site <a href=""http://www.fundatec.org.br"" target=""_blank"">www.fundatec.org.br</a></p></div><div style=""margin-bottom:15px;""><p>Maiores informações o exame POSCOMP 2016:</p><ul><li style=""margin-bottom:10px;""><a href=""http://www.sbc.org.br/noticias/10-slideshow-noticias/1772-esta-disponivel-o-edital-do-poscomp-2016"" target=""_blank"">http://www.sbc.org.br/noticias/10-slideshow-noticias/1772-esta-disponivel-o-edital-do-poscomp-2016</a></li></ul></div><div style=""margin-bottom:15px;""><p>Maiores informações sobre o Programa de Pós-Graduação da Universidade Federal de Uberlândia:</p><ul><li style=""margin-bottom:10px;""><a href=""http://www.ppgco.facom.ufu.br/"" target=""_blank"">http://www.ppgco.facom.ufu.br/</a></li></ul></div></div></div>"
"Edital 045/2016 - Concurso público para docente efetivo",http://www.portal.facom.ufu.br/acontece/2018/12/edital-0452016-concurso-publico-para-docente-efetivo,"<div class=""field-items""><div class=""field-item even"" property=""content:encoded""><div style=""margin-bottom:15px;""><p><strong>Edital 045/2016</strong></p><ul><li style=""margin-bottom:10px;""><strong>Titulação mínima:</strong> Doutor</li><li style=""margin-bottom:10px;""><strong>Regime de trabalho:</strong> 40 (quarenta) horas semanais</li><li style=""margin-bottom:10px;""><strong>Área:</strong> Ciência da Computação</li><li style=""margin-bottom:10px;""><strong>Período de inscrição:</strong> de 02 a 16 de junho de 2016</li><li style=""margin-bottom:10px;""><strong>Inscrição:</strong> exclusivamente <i>online</i>, pelo endereço eletrônico <a href=""http://www.portal.prograd.ufu.br/"" target=""_blank"">http://www.portal.prograd.ufu.br/</a>, iniciando-se às 00h do dia 02 de junho de 2016 e encerrando-se às 23h59min do dia 16 de junho de 2016</li><li style=""margin-bottom:10px;"">Edital, instruções complementares e outros documentos: <a href=""http://www.editais.ufu.br/node/3381"" target=""_blank"">http://www.editais.ufu.br/node/3381</a></li></ul></div><div style=""margin-bottom:10px;""><p>Para mais informações, contate:</p><ul><li style=""margin-bottom:10px;""><strong>E-mail:</strong><a href=""mailto:secretaria.facom@ufu.br"">secretaria.facom@ufu.br</a></li><li style=""margin-bottom:10px;""><strong>Telefone:</strong> (34) 3239-4144</li></ul></div></div></div>"
"FACOM Techweek 2016 - 30/05/16 a 03/06/16",http://www.portal.facom.ufu.br/acontece/2018/12/facom-techweek-2016-300516-a-030616,"<div class=""field-items""><div class=""field-item even"" property=""content:encoded""><div style=""margin-bottom:15px;""><p>É com satisfação que informamos a realização da <strong>III FACOM Techweek</strong>. O evento ocorrerá nas dependências da UFU, Campus Santa Mônica, Uberlândia, entre os dias 30 de maio e 03 de junho de 2016.</p></div><div style=""margin-bottom:15px;""><p>Maiores informações através do site: <a href=""http://www.facomtechweek.com.br/2016/"" target=""_blank"">http://www.facomtechweek.com.br/2016/</a></p></div><div style=""margin-bottom:15px;""><ul><li style=""margin-bottom:10px;""><strong>E-mail:</strong><a href=""mailto:secretaria.facom@ufu.br"">secretaria.facom@ufu.br</a></li><li style=""margin-bottom:10px;""><strong>Telefone:</strong> (34) 3239-4144</li></ul></div></div></div>"
"Autoavaliação Institucional - Relatório Parcial de 2015",http://www.portal.facom.ufu.br/acontece/2018/12/autoavaliacao-institucional-relatorio-parcial-de-2015,"<div class=""field-items""><div class=""field-item even"" property=""content:encoded""><div style=""margin-bottom:15px;""><p>Os processos de autoavaliação da Universidade Federal de Uberlândia – UFU são realizados com base nos princípios do Sistema Nacional de Avaliação da Educação Superior – Sinaes, Lei nº. 10.861/04, e coordenados pela Comissão Própria de Avaliação – CPA.</p></div><div style=""margin-bottom:15px;""><p>Em 2013, foi elaborado pela CPA um projeto de autoavaliação institucional para ser executado em um ciclo de três anos, contemplando o período de 2013 a 2015.</p></div><div style=""margin-bottom:15px;""><p>No entanto, em 2014, o MEC, por intermédio da nota técnica Inep/Daes/Conaes no 65, de 9 de outubro de 2014, instituiu, também para UFU, o ciclo de três anos para ser cumprido, seguindo um cronograma preestabelecido, conforme mostrado a seguir:</p><div style=""margin-bottom:15px;""><ul><li style=""margin-bottom:10px;"">até 31 de março de 2016 – 1o Relatório parcial;</li><li style=""margin-bottom:10px;"">até 31 de março de 2017 – 2o Relatório parcial;</li><li style=""margin-bottom:10px;"">até 31 de março de 2018 – Relatório integral.</li></ul></div><div style=""margin-bottom:15px;""><p>A primeira e a segunda etapas do projeto CPA/UFU foram desenvolvidas respectivamente em 2013 (cadastrado em março de 2014) e 2014 (cadastrado em março de 2015). Para se adequar ao calendário do ""Inep/Daes/Conaes"", nossa versão parcial da segunda etapa do ciclo foi nomeada como ""Versão Final"". O presente relatório (que encerra a terceira etapa do ciclo proposto pela UFU) foi nomeado como ""Primeira etapa"" do ciclo proposto pelo Inep. Assim, a CPA pretende fazer neste ano um novo projeto para os próximos dois anos para que os ciclos (UFU/Inep) entrem em consonância.</p></div><div style=""margin-bottom:15px;""><p>No projeto em desenvolvimento, o Siape (técnicos administrativos e docentes) e o número de matrícula dos discentes foram transformados em um número fantasia, utilizando um algoritmo de criptografia, não sendo possível identificar o participante da pesquisa. As respostas dos docentes e dos técnicos administrativos foram alocadas nas unidades acadêmicas, administrativas e nos órgãos suplementares, e a resposta dos discentes foi alocada em cada curso, o que permitiu gerar relatórios específicos de cada unidade. O relatório geral de autoavaliação de 2014 foi cadastrado no sistema e-MEC em abril de 2015 (<a href=""http://www.cpa.ufu.br"" target=""_blank"">www.cpa.ufu.br</a>).</p></div><div style=""margin-bottom:15px;""><p>Tendo por base o relatório geral, foram gerados os relatórios específicos de cada unidade, contendo a(s) potencialidades e/ou a(s) fragilidade(s) identificada(s) e os comentários recebidos. Foram recebidos 754 comentários com desdobramentos em vários temas, isto é, 23,7% dos participantes se manifestaram no espaço disponível para sugestões. Esses comentários foram separados por assuntos, por setores acadêmicos e administrativos.</p><p><span class=""file""><img alt="""" class=""file-icon"" src=""/modules/file/icons/application-pdf.png"" title=""application/pdf""/><a href=""/system/files/conteudo/autoavaliacao-institucional_-_relatorio-parcial-de-2015.pdf"" target=""_blank"">Autoavaliação Institucional - Relatório Parcial de 2015</a></span></p></div><div><p>Para mais informações, contate:</p><ul><li style=""margin-bottom:10px;""><strong>E-mail:</strong><a href=""mailto:secretaria.facom@ufu.br"">secretaria.facom@ufu.br</a></li><li style=""margin-bottom:10px;""><strong>Telefone:</strong> (34) 3239-4144</li></ul></div></div></div></div>"
"Edital FACOM/UFU nº. 01/2016 - Eleições",http://www.portal.facom.ufu.br/acontece/2018/12/edital-facomufu-no-012016-eleicoes,"<div class=""field-items""><div class=""field-item even"" property=""content:encoded""><div style=""margin-bottom:10px;""><p>A Faculdade de Computação, em conformidade com o Regimento Geral da Universidade Federal de Uberlândia, com o Regimento Interno, com a Resolução no 2/2002 do CONSUN, com a Resolução nº 01/2014 do CONFACOM e a Portaria FACOM nº 01/2016, torna público que serão realizadas <strong>eleições gerais</strong> para preenchimento de vagas de coordenações de cursos, representantes docentes, técnicos administrativos em educação e discentes no Conselho da Faculdade de Computação, representantes docentes e discentes nos Colegiados de cursos e Programa de Pós-graduação em Ciência da Computação, coordenação do núcleo de pesquisa e coordenação do núcleo de extensão.</p></div><div><p>Para mais informações, contate:</p><ul><li style=""margin-bottom:10px;""><strong>E-mail:</strong><a href=""mailto:secretaria.facom@ufu.br"">secretaria.facom@ufu.br</a></li><li style=""margin-bottom:10px;""><strong>Telefone:</strong> (34) 3239-4144</li></ul></div></div></div>"
"14/04/16 - Laboratórios do bloco 1B fechados - Paralisação dos técnicos-administrativos",http://www.portal.facom.ufu.br/acontece/2018/12/140416-laboratorios-do-bloco-1b-fechados-paralisacao-dos-tecnicos-administrativos,"<div class=""field-items""><div class=""field-item even"" property=""content:encoded""><div style=""margin-bottom:10px;""><p>Comunicamos que os laboratórios do <strong>Bloco 1B</strong>, <em>campus</em> Santa Mônica, ficarão fechados no dia <strong>14/04/16</strong> em razão da paralisação dos Técnicos Administrativos em Educação:</p><ul><li><a href=""http://www.sintetufu.org/slider/paralisacao-dos-tecnicos-administrativos-da-ufu/"" target=""_blank"">http://www.sintetufu.org/slider/paralisacao-dos-tecnicos-administrativos-da-ufu/</a></li></ul><p>Para mais informações, contate:</p><ul><li style=""margin-bottom:10px;""><strong>e-mail:</strong><a href=""mailto:secretaria.facom@ufu.br"">secretaria.facom@ufu.br</a></li><li><strong>Telefone:</strong> (34) 3239-4144</li></ul></div></div></div>"
"6ª Maratona de Redes de Computadores de Uberlândia - Edição 2016/1",http://www.portal.facom.ufu.br/acontece/2018/12/6a-maratona-de-redes-de-computadores-de-uberlandia-edicao-20161,"<div class=""field-items""><div class=""field-item even"" property=""content:encoded""><div style=""margin-bottom:15px;""><p>A <strong>Sexta Maratona de Redes de Computadores de Uberlândia</strong> é uma competição de estudantes de cursos na área de tecnologia e exatas com o objetivo de criar desafios e trocar experiências. Organizada pela Faculdade Pitágoras de Uberlândia, Algar Telecom, Instituto Federal do Triângulo Mineiro - IFTM (Campus Uberlândia Centro), Faculdade de Computação da UFU e Centro Universitário do Triângulo - UNITRI.</p></div><div style=""margin-bottom:15px;""><p>Para se adaptar às exigências crescentes de largura de banda, possibilitar escalonamento e aumentar a confiabilidade, os fornecedores de tecnologias de redes e as organizações de padrões relacionadas apresentam novos protocolos e tecnologias a uma velocidade muito grande. Os competidores estão diante do desafio de desenvolver redes do estado da arte.</p></div><div><ul><li style=""margin-bottom:10px;""><strong>Edital </strong>- <a href=""https://goo.gl/EAB6OU"" target=""_blank"">https://goo.gl/EAB6OU</a></li><li style=""margin-bottom:10px;""><strong>Inscrições:</strong> 11/04/2016 até 15/05/2016, (domingo, 23h59) - <a href=""https://goo.gl/h4dnNt"" target=""_blank"">https://goo.gl/h4dnNt</a></li><li style=""margin-bottom:10px;""><strong>Data do Evento:</strong> 20/05/2016 (sexta-feira). Horário: 19h às 22h</li><li style=""margin-bottom:10px;""><strong>Local:</strong> Centro Universitário do Triângulo (UNITRI) - BLOCO E - 2º Piso –Laboratórios de Informática</li><li style=""margin-bottom:10px;""><strong>Endereço:</strong> AV. Nicomedes Alves dos Santos Nº 4545, Gávea, Uberlândia - MG, CEP 38411-106</li></ul></div></div></div>"
"Primeira defesa de Tese de Doutorado da FACOM/UFU",http://www.portal.facom.ufu.br/acontece/2018/12/primeira-defesa-de-tese-de-doutorado-da-facomufu,"<div class=""field-items""><div class=""field-item even"" property=""content:encoded""><div style=""margin-bottom:15px;""><p>O Programa de Pós-graduação em Ciência da Computação (PPGCO) da Faculdade de Computação (FACOM) da UFU realizou no dia 22 de fevereiro de 2016 a primeira defesa de tese de doutorado do programa.</p></div><div style=""margin-bottom:15px;""><p>O trabalho <strong>""Uma Metodologia baseada na Lógica Linear para Análise de Processos de Workflow Interorganizacionais"" </strong>da doutoranda Lígia Maria Soares Passos, realizado sob orientação do Prof. Dr. Stéphane Julia, foi apresentado à banca formada pelos professores Dr. Stéphane Julia - FACOM/UFU, Dr. Carlos Roberto Lopes - FACOM/UFU, Dr. Pedro Frosi Rosa - FACOM/UFU, Dr. Paulo Eigi Miyagi - USP e Dr.ª Emília Villani - ITA.</p></div><div style=""margin-bottom:15px;""><p>O trabalho foi aprovado pela banca, outorgando à aluna Lígia o primeiro título de Doutor em Ciência da Computação conferido pelo PPGCO FACOM/UFU.</p></div></div></div>"
"Processo Seletivo Simplificado para contratação de professores substitutos - Edital 071/2015",http://www.portal.facom.ufu.br/acontece/2018/12/processo-seletivo-simplificado-para-contratacao-de-professores-substitutos-edital,"<div class=""field-items""><div class=""field-item even"" property=""content:encoded""><p><strong>Edital 071/2015</strong></p><hr/><ul><li style=""margin-bottom:10px;"">Titulação mínima: Graduação.</li><li style=""margin-bottom:10px;"">Regime de trabalho: 40 (quarenta) horas semanais</li><li style=""margin-bottom:10px;"">Área: Estrutura de Dados</li><li style=""margin-bottom:10px;"">Período de inscrição: de 25 de novembro a 08 de dezembro de 2015</li><li style=""margin-bottom:10px;"">Inscrições: exclusivamente on-line, pelo endereço eletrônico <a href=""http://www.portal.prograd.ufu.br/"" target=""_blank"">http://www.portal.prograd.ufu.br/</a></li><li style=""margin-bottom:10px;"">Edital, instruções complementares e outros documentos: <a href=""http://www.editais.ufu.br/node/3127"" target=""_blank"">http://www.editais.ufu.br/node/3127</a></li></ul><hr/><p><strong>Mais informações:</strong></p><p><strong>E-mail:</strong><a href=""mailto:secretaria.facom@ufu.br"">secretaria.facom@ufu.br</a></p><p><strong>Telefone:</strong> (34) 3239-4144</p></div></div>"
"Homologação do resultado do Processo Seletivo de Redistibuição FACOM",http://www.portal.facom.ufu.br/acontece/2018/12/homologacao-do-resultado-do-processo-seletivo-de-redistibuicao-facom,"<div class=""field-items""><div class=""field-item even"" property=""content:encoded""><p><strong>Homologação do resultado do Processo Seletivo de Redistibuição FACOM</strong></p><hr/><p>Publicação da Homologação do resultado do Processo Seletivo para redistribuição de docente para a Faculdade de Computação (FACOM) com vista ao preenchimento de uma vaga da carreira de magistério superior da FACOM em Uberlândia, conforme item 2.1.5 do Edital FACOM nº 002/2015.</p></div></div>"
"Nova área do curso",http://www.portal.facom.ufu.br/acontece/2018/11/nova-area-do-curso-0,"<div class=""field-items""><div class=""field-item even"" property=""content:encoded""><p>Conheça o curso de graduação Bacharelado em Sistemas de Informação do campus Monte Carmelo.</p><p>Acesse a área correspondente e conheça todos os recursos: currículo, disciplinas, docentes, horários, salas de aula e muito mais.</p></div></div>"
"Edital FACOM n°. 002/2015 - Processo Seletivo para redistribuição de docente",http://www.portal.facom.ufu.br/acontece/2018/10/edital-facom-ndeg-0022015-processo-seletivo-para-redistribuicao-de-docente,"<div class=""field-items""><div class=""field-item even"" property=""content:encoded""><p>Processo Seletivo para redistribuição de docente para a Faculdade de Computação (FACOM) com vista ao preenchimento de uma vaga da carreira de magistério superior da FACOM em Uberlândia.</p><p><strong>Inscrições:</strong><strong>13/10/2015 a 26/10/2015</strong>, no horário das 8h30min às 11h30min e das 14h às 17h, em dias úteis.</p><hr/><p><strong>Documentação:</strong></p><ul><li>Edital FACOM 002/2015 (retificado em 14/10/2015)</li><li><a href=""https://www.dropbox.com/s/jrr3w6t75cqiow9/Edital_002-2015_Formulario_Inscricao_Retificacao_14_10_2015.docx?dl=1"" target=""_blank"">Formulário de Inscrição</a></li></ul><p><strong>Responsável</strong>: Hugo Leonardo de Oliveira Sousa</p><p><strong>Email</strong>: <a href=""mailto:secretaria.facom@ufu.br"">secretaria.facom@ufu.br</a></p><p><strong>Telefone</strong>: (34) 3239-4144</p><p><strong>Data de Publicação</strong>: seg, 26/10/2015</p></div></div>"
"Prorrogação do prazo de validade do Concurso Público do Edital 059/2014",http://www.portal.facom.ufu.br/acontece/2018/10/prorrogacao-do-prazo-de-validade-do-concurso-publico-do-edital-0592014,"<div class=""field-items""><div class=""field-item even"" property=""content:encoded""><p>A PROREH (Pró-Reitoria de Recursos Humanos), atendendo ao princípio da Supremacia do Interesse Público, prorrogou o prazo de validade do edital nº 059/2014, duas vagas, dedicação exclusiva, área Ciência da Computação, subárea Estrutura de Dados, conforme documentos anexos.</p><hr/><p><strong>Email</strong>: <a href=""mailto:cesar@ufu.br"">cesar@ufu.br</a></p><p><strong>Telefone</strong>: (34) 3239-4144</p><p><strong>Data de Publicação</strong>: ter, 20/10/2015</p></div></div>"
"Destaque: Sistemas de Informação - campus Santa Mônica",http://www.portal.facom.ufu.br/acontece/2017/11/destaque-sistemas-de-informacao-campus-santa-monica,"<div class=""field-items""><div class=""field-item even"" property=""content:encoded""><p>Após a visita da Comissão do MEC, de acordo com o relatório apresentado, a nota atribuída ao Curso foi 4.</p></div></div>"
"V FACOM TECHWEEK e XII WDTCC",http://www.portal.facom.ufu.br/acontece/2017/11/v-facom-techweek-e-xii-wdtcc,"<div class=""field-items""><div class=""field-item even"" property=""content:encoded""><div style=""margin-bottom:15px;""><p>V FACOM Techweek e XII WDTCC começam dia <strong>21/05</strong> às <strong>14h</strong>.</p></div><div style=""margin-bottom:15px;""><p>A programação está disponível no site:</p><ul><li style=""margin-bottom:10px;""><a href=""http://www.techweek.facom.ufu.br/2018"" target=""_blank"">www.techweek.facom.ufu.br/2018</a></li></ul></div><div style=""margin-bottom:15px;""><p>PARTICIPEM!</p></div><div style=""margin-bottom:15px;""><p>Para mais informações, contate:</p><p><strong>E-mail:</strong><a href=""mailto:viniciussos@ufu.br"">viniciussos@ufu.br</a></p><p><strong>Telefone:</strong> (34) 32394144</p></div></div></div>"
"Ciência da Computação - Destaque",http://www.portal.facom.ufu.br/acontece/2017/10/ciencia-da-computacao-destaque,"<div class=""field-items""><div class=""field-item even"" property=""content:encoded""><p>Conheça <a href=""/graduacao/ciencia-da-computacao/conheca"">aqui</a> o curso Bacharelado em Ciência da Computação da Universidade Federal de Uberlândia</p></div></div>"
"Processo Seletivo - Tutor do Grupo PET - Ciência da Computação",http://www.portal.facom.ufu.br/acontece/2017/10/processo-seletivo-tutor-do-grupo-pet-ciencia-da-computacao,"<div class=""field-items""><div class=""field-item even"" property=""content:encoded""><p>A Comissão do Processo Seletivo de Tutor (a) do Grupo PET Ciência da Computação da Universidade Federal de Uberlândia, nomeada pela PORTARIA nº 003/2018/ PROGRAD/DIREN/DIFDI/SPROJ, de 04 de abril de 2018, no uso da competência que lhe confere a Portaria MEC Nº 976, de 27 de julho de 2010, com modificações introduzidas pela Portaria 343, de 24 de abril de 2013, pelo item 1.4.1 do Capítulo II do Manual de Orientações Básicas do PET, do Ministério da Educação - MEC, de dezembro de 2006 e pelo subitem 6.3 do Manual de Regulamentação dos Grupos PET MEC e PET Institucional da UFU, de maio de 2015, torna público que estarão abertas no dia 25 de abril de 2018 as inscrições para seleção de Tutor do Grupo PET Ciência da Computação da Universidade Federal de Uberlândia.</p><div style=""text-align: justify;"">1.1 Da bolsa</div><div style=""text-align: justify;"">1.1.1 O professor tutor receberá mensalmente bolsa de tutoria de valor equivalente ao praticado na política federal de concessão de bolsas de doutorado, em valores atuais correspondente a R$ 2.200,00.</div><div style=""text-align: justify;""> </div><div style=""text-align: justify;"">3.1 Pode se inscrever no processo seletivo a que se refere o presente edital o docente da Universidade Federal de Uberlândia que:</div><div style=""text-align: justify;""> </div><div style=""text-align: justify;""><div style=""text-align: justify;"">a) Possuir titulação de Doutor;</div><div style=""text-align: justify;"">b) Pertencer ao quadro permanente de docentes, contratado em regime de tempo integral e</div><div style=""text-align: justify;"">dedicação exclusiva, lotado na Faculdade de Computação, campus Santa</div><div style=""text-align: justify;"">Mônica/Uberlândia;</div><div style=""text-align: justify;"">c) Comprometer-se a dedicar carga horária semanal mínima de 10 horas às atividades do</div><div style=""text-align: justify;"">Grupo, sem prejuízo das demais atividades;</div><div style=""text-align: justify;"">d) Serão aceitas inscrições realizadas por terceiros, mediante procuração.</div><div style=""text-align: justify;""> </div><div style=""text-align: justify;""><div style=""text-align: justify;"">3.2 As inscrições serão feitas na Secretaria da Faculdade de Computação (FACOM), <strong>das 9:00 h às</strong></div><div style=""text-align: justify;""><strong>11:00 h e das 14:00 h às 17:00 h, no dia 25 de abril de 2018.</strong></div><div style=""text-align: justify;""> </div><div style=""text-align: justify;""> </div></div></div></div></div>"
"Novo Portal FACOM/UFU",http://www.portal.facom.ufu.br/acontece/2017/10/novo-portal-facomufu,"<div class=""field-items""><div class=""field-item even"" property=""content:encoded""><p>O Portal da Faculdade de Computação da Universidade Federal de Uberlândia (FACOM/UFU) está de cara nova!</p><p>Navegue e acesse as áreas dos cursos ofertados.</p></div></div>"
